Author-code,Book Name,Rating,ID
1,Harry Potter and the Philosopher's Stone,4.7 out of 5 stars,1
2,Origin: Number 5 of the Robert Langdon Series,4.0 out of 5 stars,1
3,The Secret Of The Nagas (Shiva Trilogy-2),4.6 out of 5 stars,1
4,"Sita - Warrior of Mithila (Book 2- Ram Chandra Series): An adventure thriller that follows Lady Sita’s journey, set in mythological times",4.2 out of 5 stars,1
5,Harry Potter and the Chamber of Secrets,4.6 out of 5 stars,1
6,The Oath of the Vayuputras (Shiva Trilogy),4.4 out of 5 stars,1
7,Harry Potter and the Prisoner of Azkaban,4.3 out of 5 stars,1
8,Harry Potter and the Order of the Phoenix,4.5 out of 5 stars,1
9,Harry Potter and the Half-Blood Prince,4.6 out of 5 stars,1
10,Harry Potter and the Goblet of Fire,4.8 out of 5 stars,1
11,Harry Potter and the Deathly Hallows,4.7 out of 5 stars,1
12,Harappa - Curse of the Blood River,4.1 out of 5 stars,1
13,Pralay: The Great Deluge (Harappa),4.2 out of 5 stars,1
14,Origin: (Robert Langdon Book 5),4.0 out of 5 stars,1
15,The Perils of Being Moderately Famous,4.1 out of 5 stars,1
16,M. S. Subbulakshmi: The Definitive Biography,4.4 out of 5 stars,
17,The Making of Don,4.4 out of 5 stars,
18,How to Be a Bawse: A Guide to Conquering Life,4.8 out of 5 stars,
19,AWS Certified Solutions Architect Official Study Guide (India reprint edition): Associate Exam,4.0 out of 5 stars,
20,Harry Potter and the Cursed Child: Parts I & II,4.0 out of 5 stars,
21,Start Calligraphy: The Right Way to Write,3.8 out of 5 stars,
22,Refreshing Mandala - Colouring Book for Adults Book 3,4.6 out of 5 stars,
23,Rejuvenate Yourself Abstract,4.5 out of 5 stars,
24,Extreme Copy Colour - Mandala,4.4 out of 5 stars,
25,Geronimo Stilton and the Kingdom of Fantasy 7: The Enchanted Charms,4.6 out of 5 stars,
26,The Complete MAUS,4.9 out of 5 stars,
27,Screenplay: The Foundations of Screenwriting,4.3 out of 5 stars,
28,"Fantastic Beasts and Where to Find Them : The Original Screenplay (Written in script format, not a novel)",4.5 out of 5 stars,
29,Kohinoor: The Story of the World’s Most Infamous Diamond,4.5 out of 5 stars,
30,Seven secrets of Shiva,4.3 out of 5 stars,
31,Aural Tests Book 1 from 2017 (Initial Grade 5),4.1 out of 5 stars,
32,Wee Sing Children's Songs and Fingerplays,3.3 out of 5 stars,
33,The Lizard's Tail (Karadi Tales),4.6 out of 5 stars,
34,Karadi Rhymes: Book 1,5.0 out of 5 stars,
35,Aural Tests Book 2 from 2017 (Grades 6 8),5.0 out of 5 stars,
36,Social Engineering: The Art of Human Hacking,3.0 out of 5 stars,
37,What the Ladybird Heard,4.4 out of 5 stars,
38,"Living Language German, Complete Edition: Beginner through advanced course, including 3 coursebooks, 9 audio CDs, and free online learning",3.5 out of 5 stars,
39,"Living Language Italian, Complete Edition: Beginner through advanced course, including 3 coursebooks, 9 audio CDs, and free online learning",5.0 out of 5 stars,
40,Awaken The Giant Within,4.5 out of 5 stars,
41,Be Rich & Happy (with CD),3.3 out of 5 stars,
42,Karadi Rhymes-2,2.0 out of 5 stars,
43,Scourby Bible-KJV,5.0 out of 5 stars,
44,Take Engish Home - Spoken English - Pronunciation correction - English Speech and Conversation exercises - 2 Audio CDs,3.6 out of 5 stars,
45,"Living Language Spanish, Complete Edition: Beginner through advanced course, including 3 coursebooks, 9 audio CDs, and free online learning",5.0 out of 5 stars,
46,The Indian Spy: The True Story of the Most Remarkable Secret Agent of World War II,5.0 out of 5 stars,
47,Living with Tigers,4.9 out of 5 stars,
48,M. S. Subbulakshmi: The Definitive Biography,4.4 out of 5 stars,
49,A Brief History of Time: From Big Bang to Black Holes,4.4 out of 5 stars,
50,Straight Drive,4.6 out of 5 stars,
51,Askew: A Short Biography of Bangalore,3.7 out of 5 stars,
52,Wings of Fire: An Autobiography of Abdul Kalam,4.6 out of 5 stars,
53,A Century is not Enough: My Roller-coaster Ride to Success,4.6 out of 5 stars,
54,Warren Buffett: The Life and Business Lessons of Warren Buffett,4.2 out of 5 stars,
55,Elon Musk: How the Billionaire CEO of Spacex and Tesla is Shaping Our Future,4.6 out of 5 stars,
56,"Three Thousand Stitches: Ordinary People, Extraordinary Lives",4.4 out of 5 stars,
57,The Theory of Everything,4.5 out of 5 stars,
58,Autobiography of a Yogi (Complete Edition),4.6 out of 5 stars,
59,"Tuesdays With Morrie: An old man, a young man, and life's greatest lesson",4.6 out of 5 stars,
60,One Up On Wall Street: How to Use What You Already Know to Make Money in the Market,4.3 out of 5 stars,
61,Business Sutra,4.4 out of 5 stars,
62,Indian Polity 5th Edition,4.5 out of 5 stars,
63,Think and Grow Rich,4.5 out of 5 stars,
64,"Unlimited Memory: How to Use Advanced Learning Strategies to Learn Faster, Remember More and be More Productive",4.6 out of 5 stars,
65,Rich Dad Poor Dad: What the Rich Teach their Kids About Money that the Poor and Middle Class Do Not! (With Updates for Today's World),4.5 out of 5 stars,
66,The Intelligent Investor (English) Paperback – 2013,4.3 out of 5 stars,
67,To the Brink and Back: India’s 1991 Story,3.8 out of 5 stars,
68,How to Win Friends and Influence People,4.5 out of 5 stars,
69,The 7 Habits of Highly Effective People,4.0 out of 5 stars,
70,"Thinking, Fast and Slow (Penguin Press Non-Fiction)",4.5 out of 5 stars,
71,Warren Buffett: The Life and Business Lessons of Warren Buffett,4.2 out of 5 stars,
72,"Zero to One: Note on Start Ups, or How to Build the Future",4.3 out of 5 stars,
73,Elon Musk: How the Billionaire CEO of Spacex and Tesla is Shaping Our Future,4.6 out of 5 stars,
74,Economic Survey 2017-18 (Volume 1 and Volume 2),3.8 out of 5 stars,
75,Catalyst,4.3 out of 5 stars,
76,Harry Potter and the Philosopher's Stone,4.7 out of 5 stars,
77,Harry Potter and the Philosopher's Stone,4.7 out of 5 stars,
78,My Grandma's Bag of Stories,3.9 out of 5 stars,
79,Picture Books Collection for Early Learning,4.0 out of 5 stars,
80,Copy Colour: Fruits (Copy Colour Books),4.3 out of 5 stars,
81,Harry Potter and the Chamber of Secrets (Harry Potter 2),4.6 out of 5 stars,
82,Diary of a Wimpy Kid: The Getaway (book 12),4.7 out of 5 stars,
83,Grandma's Bag of Stories,4.4 out of 5 stars,
84,Harry Potter and the Chamber of Secrets,4.6 out of 5 stars,
85,Peppa Pig: Little Library,4.0 out of 5 stars,
86,The Old Man and the Sea,4.3 out of 5 stars,
87,Exam Warriors,4.4 out of 5 stars,
88,Colouring Books Collections by Inikao (12 Books),4.5 out of 5 stars,
89,Baby Touch: Playbook,4.5 out of 5 stars,
90,The Fault in our Stars,4.4 out of 5 stars,
91,Tenali Raman (Illustrated),3.9 out of 5 stars,
92,மையல் தெளிந்த நிலவு: MAIYAL THELINTHA NILAVU (Tamil Edition),NA,
93,சில்லென்று ஒரு காதல் (Tamil Edition),NA,
94,Akbar and Birbal (Illustrated),4.5 out of 5 stars,
95,The Complete MAUS,4.9 out of 5 stars,
96,The Black Island (Tintin),4.8 out of 5 stars,
97,PINKI DIGEST 2: PINKI,NA,
98,Sex with innocent sister: Khel khel maim (Sex story Book 4) (Hindi Edition),NA,
99,Vikram And Betaal (Illustrated),4.1 out of 5 stars,
100,உயிர் சுமந்த உறவே: Uyir Sumantha Urave (Tamil Edition),NA,
101,இதயமே இதயமே: Ithayame Ithayame (Tamil Edition),NA,
102,AKBAR AND BIRBAL: STORIES FOR CHILDERNS,NA,
103,Bāhubali: Battle of the Bold,3.5 out of 5 stars,
104,Marvel Encyclopedia,4.6 out of 5 stars,
105,மழையோடு உறவாடி: Mazhaiyodu Uravaadi (Tamil Edition),NA,
106,Cracking the Coding Interview: 189 Programing Questions and Solutions,4.1 out of 5 stars,
107,Let Us C,4.5 out of 5 stars,
108,Data Structures and Algorithms Made Easy: Data Structures and Algorithmic Puzzles,4.4 out of 5 stars,
109,Hit Refresh: The Quest to Rediscover Microsoft’s Soul and Imagine a Better Future for Everyone,4.4 out of 5 stars,
110,Deep Learning,4.2 out of 5 stars,
111,Data Structures and Algorithms Made Easy in Java: Data Structure and Algorithmic Puzzles,4.2 out of 5 stars,
112,Objective Computer Awareness,4.2 out of 5 stars,
113,Hooked: How to Build Habit-Forming Products,4.7 out of 5 stars,
114,Official Guide to Financial Accounting Using Tally. ERP 9 with GST (Release 6.4),Prime,
115,Alibaba: The House that Jack Ma Built,4.2 out of 5 stars,
116,Introduction to Algorithms (Eastern Economy Edition),4.1 out of 5 stars,
117,Digital Banking Paperback – April 2016,4.3 out of 5 stars,
118,Numsense! Data Science for the Layman: No Math Added,4.6 out of 5 stars,
119,Head First Design Patterns,4.2 out of 5 stars,
120,Data Structures and Algorithms Made Easy: Data Structures and Algorithmic Puzzles,4.4 out of 5 stars,
